{
  "site_id": "synthetic_b_corner",
  "site_name": "합성 B · L자 코너 협소대지",
  "n_seeds_ran": 4,
  "n_seeds_feasible": 4,
  "hv_mean": 3467.1063179018615,
  "hv_std": 2217.265476156433,
  "hv_cv": 0.6395147055940943,
  "pareto_size_mean": 9.75,
  "pareto_size_cv": 0.8120557754929804,
  "knee_x_std": 3.7664612840342393,
  "knee_y_std": 3.207736457793592,
  "knee_F1_cv": 0.07151453855463083,
  "cluster_coverage": 0.0,
  "models_used": [
    "Liebherr_280_HC_L",
    "Potain_MR_160C"
  ],
  "reference_point": [
    743.7838050009137,
    138.5368035949167
  ],
  "knees": [
    {
      "seed": 0,
      "x": -1.89515467272245,
      "y": 18.596265954711505,
      "model": "Liebherr_280_HC_L",
      "jib": 29.947090173752247,
      "mast": 38.195880439353246,
      "F1": 541.4459067243309,
      "F2": 105.94423550901841
    },
    {
      "seed": 1,
      "x": -1.3351053652764082,
      "y": 20.905858812602496,
      "model": "Liebherr_280_HC_L",
      "jib": 33.58216828923385,
      "mast": 48.64245371157686,
      "F1": 657.141993831975,
      "F2": 106.16556796915286
    },
    {
      "seed": 2,
      "x": -2.19156429947587,
      "y": 20.815593242285576,
      "model": "Potain_MR_160C",
      "jib": 31.88490857821077,
      "mast": 47.12899265980177,
      "F1": 585.1504635919086,
      "F2": 130.53613676542096
    },
    {
      "seed": 3,
      "x": 6.861948727015081,
      "y": 13.012651068165635,
      "model": "Potain_MR_160C",
      "jib": 28.63981953571641,
      "mast": 47.73341506726712,
      "F1": 622.2792941990099,
      "F2": 125.69961522836539
    }
  ],
  "hv_values": [
    6929.337315420233,
    3846.8580576226113,
    1269.1725126631004,
    1823.0573859015017
  ],
  "n_paretos": [
    11,
    5,
    1,
    22
  ]
}