{
  "site_id": "synthetic_a_rectangular",
  "site_name": "합성 A · 직사각 협소대지 (한쪽 도로)",
  "n_seeds_ran": 4,
  "n_seeds_feasible": 4,
  "hv_mean": 1321.5755882585706,
  "hv_std": 515.3021201159445,
  "hv_cv": 0.3899149807957287,
  "pareto_size_mean": 15.25,
  "pareto_size_cv": 0.21932931410261725,
  "knee_x_std": 1.2603434600542316,
  "knee_y_std": 0.5937258865509942,
  "knee_F1_cv": 0.022331318250921047,
  "cluster_coverage": 0.0,
  "models_used": [
    "Potain_MR_160C"
  ],
  "reference_point": [
    614.6828357439368,
    139.92472413817478
  ],
  "knees": [
    {
      "seed": 0,
      "x": 0.44305889448153835,
      "y": 23.353604794402596,
      "model": "Potain_MR_160C",
      "jib": 32.910091843247095,
      "mast": 31.64555860198313,
      "F1": 551.6752519894732,
      "F2": 133.235708129467
    },
    {
      "seed": 1,
      "x": -1.2934158465454257,
      "y": 22.2835971286984,
      "model": "Potain_MR_160C",
      "jib": 31.78621277184652,
      "mast": 37.477141329486614,
      "F1": 530.8212026148162,
      "F2": 132.88408842174277
    },
    {
      "seed": 2,
      "x": -1.9013908955963448,
      "y": 23.35850283755416,
      "model": "Potain_MR_160C",
      "jib": 32.86160554902014,
      "mast": 43.71808812490964,
      "F1": 551.0976240238573,
      "F2": 132.63013652299028
    },
    {
      "seed": 3,
      "x": 1.209842069288171,
      "y": 22.072462317229334,
      "model": "Potain_MR_160C",
      "jib": 31.48274769109896,
      "mast": 43.01179412575235,
      "F1": 524.5791979800645,
      "F2": 132.91366576396962
    }
  ],
  "hv_values": [
    1545.303803495614,
    1385.1489350196139,
    482.66294238085936,
    1873.1866721381955
  ],
  "n_paretos": [
    21,
    13,
    13,
    14
  ]
}