{
  "site_id": "gongdeok_256_42",
  "site_name": "마포구 공덕동 256-42",
  "n_seeds_ran": 4,
  "n_seeds_feasible": 4,
  "hv_mean": 8818.792297452608,
  "hv_std": 2763.7565907549997,
  "hv_cv": 0.3133939997150559,
  "pareto_size_mean": 30.0,
  "pareto_size_cv": 0.23213980461973532,
  "knee_x_std": 5.529373542063887,
  "knee_y_std": 11.343404692006198,
  "knee_F1_cv": 0.16211202234972596,
  "cluster_coverage": 1.0,
  "models_used": [
    "Potain_MR_160C"
  ],
  "reference_point": [
    1046.5644183269023,
    169.54045696584132
  ],
  "knees": [
    {
      "seed": 0,
      "x": 3.778221616724954,
      "y": -9.120303949793996,
      "model": "Potain_MR_160C",
      "jib": 21.793834900454804,
      "mast": 39.043178944434004,
      "F1": 484.1333105787836,
      "F2": 159.10317157047365
    },
    {
      "seed": 1,
      "x": -7.798619560214952,
      "y": 18.621561862578012,
      "model": "Potain_MR_160C",
      "jib": 26.52268481883943,
      "mast": 51.76404014584476,
      "F1": 747.4743344792453,
      "F2": 154.9891618966186
    },
    {
      "seed": 2,
      "x": -9.307668412286185,
      "y": 15.869613531055672,
      "model": "Potain_MR_160C",
      "jib": 26.497918265475064,
      "mast": 40.904424237403234,
      "F1": 725.950448887707,
      "F2": 155.35656200813375
    },
    {
      "seed": 3,
      "x": -9.578474488935823,
      "y": 16.41221106550428,
      "model": "Potain_MR_160C",
      "jib": 26.650742407696153,
      "mast": 43.95158460840053,
      "F1": 732.3067829429552,
      "F2": 154.91709708221205
    }
  ],
  "hv_values": [
    13466.834644698743,
    6191.920163256505,
    7753.05927393573,
    7863.355107919453
  ],
  "n_paretos": [
    35,
    33,
    34,
    18
  ]
}